1,payment
2,financial
3,transaction
4,customer
5,manage
6,trade
7,risk
8,platform
9,digital
10,technology
11,insurance
12,investment
13,market
14,bank
15,asset
16,economic
17,data
18,capital
19,regulatory
20,business
21,service
22,institution
23,equity
24,lending
25,user
26,automate
27,system
28,fund
29,identity
30,information
31,infrastructure
32,fintech
33,product
34,global
35,model
36,solution
37,crowdfunding
38,future
39,innovation
40,industry
41,network
42,contract
43,uncertainty
44,credit
45,development
46,attribute
47,loan
48,security
49,forum
50,cost
51,authentication
52,analytic
53,ledger
54,ecosystem
55,liquidity
56,intermediaries
57,process
58,legal
59,distributed
60,firm
61,online
62,experience
63,quantitative
64,loss
65,entity
66,revenue
67,settlement
68,operation
69,bitcoin
70,cloud
71,retail
72,blockchain
73,governance
74,bond
75,validation
76,share
77,project
78,cryptocurrency
79,wealth
80,fraud
81,venture
82,customization
83,diligence
84,order
85,algorithmic
86,collateral
87,liability
88,audit
89,framework
90,api
91,strategy
92,demand
93,developer
94,mobile
95,account
96,ai
97,license
98,sales
99,policy
100,tax