0,https://jobs.bnymellon.com/jobs/1901587?lang=en-us
1,https://jobs.bnymellon.com/jobs/1901678?lang=en-us
2,https://jobs.bnymellon.com/jobs/1901295?lang=en-us
3,https://jobs.bnymellon.com/jobs/1900881?lang=en-us
4,https://jobs.bnymellon.com/jobs/1901742?lang=en-us
5,https://jobs.bnymellon.com/jobs/1901983?lang=en-us
6,https://jobs.bnymellon.com/jobs/1901323?lang=en-us
7,https://jobs.bnymellon.com/jobs/1901324?lang=en-us
8,https://jobs.bnymellon.com/jobs/1818028?lang=en-us
9,https://jobs.bnymellon.com/jobs/1901331?lang=en-us
10,https://jobs.bnymellon.com/jobs/1901326?lang=en-us
11,https://jobs.bnymellon.com/jobs/1901776?lang=en-us
12,https://jobs.bnymellon.com/jobs/1901948?lang=en-us
13,https://jobs.bnymellon.com/jobs/1901969?lang=en-us
14,https://jobs.bnymellon.com/jobs/1812066?lang=en-us
15,https://jobs.bnymellon.com/jobs/1901924?lang=en-us
16,https://jobs.bnymellon.com/jobs/1901971?lang=en-us
17,https://jobs.bnymellon.com/jobs/1901911?lang=en-us
18,https://jobs.bnymellon.com/jobs/1901910?lang=en-us
19,https://jobs.bnymellon.com/jobs/1901930?lang=en-us
20,https://jobs.bnymellon.com/jobs/1901599?lang=en-us
21,https://jobs.bnymellon.com/jobs/1900823?lang=en-us
22,https://jobs.bnymellon.com/jobs/1901521?lang=en-us
23,https://jobs.bnymellon.com/jobs/1901328?lang=en-us
24,https://jobs.bnymellon.com/jobs/1901386?lang=en-us
25,https://jobs.bnymellon.com/jobs/1901321?lang=en-us
26,https://jobs.bnymellon.com/jobs/1901443?lang=en-us
27,https://jobs.bnymellon.com/jobs/1712724?lang=en-us
28,https://jobs.bnymellon.com/jobs/1901553?lang=en-us
29,https://jobs.bnymellon.com/jobs/1900428?lang=en-us
30,https://jobs.bnymellon.com/jobs/1817925?lang=en-us
31,https://jobs.bnymellon.com/jobs/1901378?lang=en-us
32,https://jobs.bnymellon.com/jobs/1813437?lang=en-us
33,https://jobs.bnymellon.com/jobs/1901543?lang=en-us
34,https://jobs.bnymellon.com/jobs/1901128?lang=en-us
35,https://jobs.bnymellon.com/jobs/1901311?lang=en-us
36,https://jobs.bnymellon.com/jobs/1901508?lang=en-us
37,https://jobs.bnymellon.com/jobs/1901227?lang=en-us
38,https://jobs.bnymellon.com/jobs/1901226?lang=en-us
39,https://jobs.bnymellon.com/jobs/1901224?lang=en-us
40,https://jobs.bnymellon.com/jobs/1901305?lang=en-us
41,https://jobs.bnymellon.com/jobs/1901307?lang=en-us
42,https://jobs.bnymellon.com/jobs/1901229?lang=en-us
43,https://jobs.bnymellon.com/jobs/1901932?lang=en-us
44,https://jobs.bnymellon.com/jobs/1901301?lang=en-us
45,https://jobs.bnymellon.com/jobs/1901309?lang=en-us
46,https://jobs.bnymellon.com/jobs/1818820?lang=en-us
47,https://jobs.bnymellon.com/jobs/1809798?lang=en-us
48,https://jobs.bnymellon.com/jobs/1900260?lang=en-us
49,https://jobs.bnymellon.com/jobs/1901768?lang=en-us
50,https://jobs.bnymellon.com/jobs/1901164?lang=en-us
51,https://jobs.bnymellon.com/jobs/1819266?lang=en-us
52,https://jobs.bnymellon.com/jobs/1901598?lang=en-us
53,https://jobs.bnymellon.com/jobs/1819267?lang=en-us
54,https://jobs.bnymellon.com/jobs/1900635?lang=en-us
55,https://jobs.bnymellon.com/jobs/1901376?lang=en-us
56,https://jobs.bnymellon.com/jobs/1901170?lang=en-us
57,https://jobs.bnymellon.com/jobs/1816767?lang=en-us
58,https://jobs.bnymellon.com/jobs/1814844?lang=en-us
59,https://jobs.bnymellon.com/jobs/1901375?lang=en-us
60,https://jobs.bnymellon.com/jobs/1901312?lang=en-us
61,https://jobs.bnymellon.com/jobs/1901107?lang=en-us
62,https://jobs.bnymellon.com/jobs/1901421?lang=en-us
63,https://jobs.bnymellon.com/jobs/1816789?lang=en-us
64,https://jobs.bnymellon.com/jobs/1900890?lang=en-us
65,https://jobs.bnymellon.com/jobs/1901856?lang=en-us
66,https://jobs.bnymellon.com/jobs/1900691?lang=en-us
67,https://jobs.bnymellon.com/jobs/1901842?lang=en-us
68,https://jobs.bnymellon.com/jobs/1901908?lang=en-us
69,https://jobs.bnymellon.com/jobs/1901914?lang=en-us
70,https://jobs.bnymellon.com/jobs/1812440?lang=en-us
71,https://jobs.bnymellon.com/jobs/1900993?lang=en-us
72,https://jobs.bnymellon.com/jobs/1809555?lang=en-us
73,https://jobs.bnymellon.com/jobs/1901923?lang=en-us
74,https://jobs.bnymellon.com/jobs/1901857?lang=en-us
75,https://jobs.bnymellon.com/jobs/1809552?lang=en-us
76,https://jobs.bnymellon.com/jobs/1900985?lang=en-us
77,https://jobs.bnymellon.com/jobs/1818355?lang=en-us
78,https://jobs.bnymellon.com/jobs/1900912?lang=en-us
79,https://jobs.bnymellon.com/jobs/1901551?lang=en-us
80,https://jobs.bnymellon.com/jobs/1814371?lang=en-us
81,https://jobs.bnymellon.com/jobs/1900922?lang=en-us
82,https://jobs.bnymellon.com/jobs/1901677?lang=en-us
83,https://jobs.bnymellon.com/jobs/1901143?lang=en-us
84,https://jobs.bnymellon.com/jobs/1901465?lang=en-us
85,https://jobs.bnymellon.com/jobs/1901562?lang=en-us
86,https://jobs.bnymellon.com/jobs/1901406?lang=en-us
87,https://jobs.bnymellon.com/jobs/1901350?lang=en-us
88,https://jobs.bnymellon.com/jobs/1818687?lang=en-us
89,https://jobs.bnymellon.com/jobs/1900368?lang=en-us
90,https://jobs.bnymellon.com/jobs/1901072?lang=en-us
91,https://jobs.bnymellon.com/jobs/1900785?lang=en-us
92,https://jobs.bnymellon.com/jobs/1901782?lang=en-us
93,https://jobs.bnymellon.com/jobs/1806654?lang=en-us
94,https://jobs.bnymellon.com/jobs/1901741?lang=en-us
95,https://jobs.bnymellon.com/jobs/1900262?lang=en-us
96,https://jobs.bnymellon.com/jobs/1901106?lang=en-us
97,https://jobs.bnymellon.com/jobs/1816471?lang=en-us
98,https://jobs.bnymellon.com/jobs/1810720?lang=en-us
99,https://jobs.bnymellon.com/jobs/1901597?lang=en-us
100,https://jobs.bnymellon.com/jobs/1901711?lang=en-us
101,https://jobs.bnymellon.com/jobs/1901166?lang=en-us
102,https://jobs.bnymellon.com/jobs/1901712?lang=en-us
103,https://jobs.bnymellon.com/jobs/1901860?lang=en-us
104,https://jobs.bnymellon.com/jobs/1817674?lang=en-us
105,https://jobs.bnymellon.com/jobs/1901483?lang=en-us
106,https://jobs.bnymellon.com/jobs/1901558?lang=en-us
107,https://jobs.bnymellon.com/jobs/1901364?lang=en-us
108,https://jobs.bnymellon.com/jobs/1901777?lang=en-us
109,https://jobs.bnymellon.com/jobs/1901131?lang=en-us
110,https://jobs.bnymellon.com/jobs/1901546?lang=en-us
111,https://jobs.bnymellon.com/jobs/1901861?lang=en-us
112,https://jobs.bnymellon.com/jobs/1812491?lang=en-us
113,https://jobs.bnymellon.com/jobs/1900949?lang=en-us
114,https://jobs.bnymellon.com/jobs/1811754?lang=en-us
115,https://jobs.bnymellon.com/jobs/1818871?lang=en-us
116,https://jobs.bnymellon.com/jobs/1900532?lang=en-us
117,https://jobs.bnymellon.com/jobs/1901510?lang=en-us
118,https://jobs.bnymellon.com/jobs/1901289?lang=en-us
119,https://jobs.bnymellon.com/jobs/1817431?lang=en-us
120,https://jobs.bnymellon.com/jobs/1901468?lang=en-us
121,https://jobs.bnymellon.com/jobs/1900468?lang=en-us
122,https://jobs.bnymellon.com/jobs/1901820?lang=en-us
123,https://jobs.bnymellon.com/jobs/1818359?lang=en-us
124,https://jobs.bnymellon.com/jobs/1819334?lang=en-us
125,https://jobs.bnymellon.com/jobs/1818666?lang=en-us
126,https://jobs.bnymellon.com/jobs/1901363?lang=en-us
127,https://jobs.bnymellon.com/jobs/1901113?lang=en-us
128,https://jobs.bnymellon.com/jobs/1810714?lang=en-us
129,https://jobs.bnymellon.com/jobs/1901655?lang=en-us
130,https://jobs.bnymellon.com/jobs/1818845?lang=en-us
131,https://jobs.bnymellon.com/jobs/1807903?lang=en-us
132,https://jobs.bnymellon.com/jobs/1900041?lang=en-us
133,https://jobs.bnymellon.com/jobs/1901570?lang=en-us
134,https://jobs.bnymellon.com/jobs/1900038?lang=en-us
135,https://jobs.bnymellon.com/jobs/1901623?lang=en-us
136,https://jobs.bnymellon.com/jobs/1819106?lang=en-us
137,https://jobs.bnymellon.com/jobs/1901607?lang=en-us
138,https://jobs.bnymellon.com/jobs/1901427?lang=en-us
139,https://jobs.bnymellon.com/jobs/1901605?lang=en-us
140,https://jobs.bnymellon.com/jobs/1901504?lang=en-us
141,https://jobs.bnymellon.com/jobs/1901211?lang=en-us
142,https://jobs.bnymellon.com/jobs/1819370?lang=en-us
143,https://jobs.bnymellon.com/jobs/1816643?lang=en-us
144,https://jobs.bnymellon.com/jobs/1900710?lang=en-us
145,https://jobs.bnymellon.com/jobs/1819090?lang=en-us
146,https://jobs.bnymellon.com/jobs/1819089?lang=en-us
147,https://jobs.bnymellon.com/jobs/1901388?lang=en-us
148,https://jobs.bnymellon.com/jobs/1901408?lang=en-us
149,https://jobs.bnymellon.com/jobs/1901017?lang=en-us
150,https://jobs.bnymellon.com/jobs/1900843?lang=en-us
151,https://jobs.bnymellon.com/jobs/1818861?lang=en-us
152,https://jobs.bnymellon.com/jobs/1817588?lang=en-us
153,https://jobs.bnymellon.com/jobs/1900964?lang=en-us
154,https://jobs.bnymellon.com/jobs/1901491?lang=en-us
155,https://jobs.bnymellon.com/jobs/1901506?lang=en-us
156,https://jobs.bnymellon.com/jobs/1901442?lang=en-us
157,https://jobs.bnymellon.com/jobs/1900931?lang=en-us
158,https://jobs.bnymellon.com/jobs/1819105?lang=en-us
159,https://jobs.bnymellon.com/jobs/1818894?lang=en-us
160,https://jobs.bnymellon.com/jobs/1818895?lang=en-us
161,https://jobs.bnymellon.com/jobs/1818893?lang=en-us
162,https://jobs.bnymellon.com/jobs/1901100?lang=en-us
163,https://jobs.bnymellon.com/jobs/1901357?lang=en-us
164,https://jobs.bnymellon.com/jobs/1819056?lang=en-us
165,https://jobs.bnymellon.com/jobs/1901588?lang=en-us
166,https://jobs.bnymellon.com/jobs/1901591?lang=en-us
167,https://jobs.bnymellon.com/jobs/1818284?lang=en-us
168,https://jobs.bnymellon.com/jobs/1818717?lang=en-us
169,https://jobs.bnymellon.com/jobs/1901627?lang=en-us
170,https://jobs.bnymellon.com/jobs/1900903?lang=en-us
171,https://jobs.bnymellon.com/jobs/1901099?lang=en-us
172,https://jobs.bnymellon.com/jobs/1814809?lang=en-us
173,https://jobs.bnymellon.com/jobs/1901520?lang=en-us
174,https://jobs.bnymellon.com/jobs/1901439?lang=en-us
175,https://jobs.bnymellon.com/jobs/1901566?lang=en-us
176,https://jobs.bnymellon.com/jobs/1814907?lang=en-us
177,https://jobs.bnymellon.com/jobs/1818217?lang=en-us
178,https://jobs.bnymellon.com/jobs/1900714?lang=en-us
179,https://jobs.bnymellon.com/jobs/1900891?lang=en-us
180,https://jobs.bnymellon.com/jobs/1901047?lang=en-us
181,https://jobs.bnymellon.com/jobs/1901604?lang=en-us
182,https://jobs.bnymellon.com/jobs/1901577?lang=en-us
183,https://jobs.bnymellon.com/jobs/1900782?lang=en-us
184,https://jobs.bnymellon.com/jobs/1901332?lang=en-us
185,https://jobs.bnymellon.com/jobs/1900816?lang=en-us
186,https://jobs.bnymellon.com/jobs/1901547?lang=en-us
187,https://jobs.bnymellon.com/jobs/1901011?lang=en-us
188,https://jobs.bnymellon.com/jobs/1819109?lang=en-us
189,https://jobs.bnymellon.com/jobs/1901467?lang=en-us
190,https://jobs.bnymellon.com/jobs/1900389?lang=en-us
191,https://jobs.bnymellon.com/jobs/1819111?lang=en-us
192,https://jobs.bnymellon.com/jobs/1901205?lang=en-us
193,https://jobs.bnymellon.com/jobs/1816233?lang=en-us
194,https://jobs.bnymellon.com/jobs/1901196?lang=en-us
195,https://jobs.bnymellon.com/jobs/1900745?lang=en-us
196,https://jobs.bnymellon.com/jobs/1810656?lang=en-us
197,https://jobs.bnymellon.com/jobs/1817920?lang=en-us
198,https://jobs.bnymellon.com/jobs/1818809?lang=en-us
199,https://jobs.bnymellon.com/jobs/1901441?lang=en-us
200,https://jobs.bnymellon.com/jobs/1818330?lang=en-us
201,https://jobs.bnymellon.com/jobs/1819244?lang=en-us
202,https://jobs.bnymellon.com/jobs/1900652?lang=en-us
203,https://jobs.bnymellon.com/jobs/1901070?lang=en-us
204,https://jobs.bnymellon.com/jobs/1818437?lang=en-us
205,https://jobs.bnymellon.com/jobs/1901480?lang=en-us
206,https://jobs.bnymellon.com/jobs/1901447?lang=en-us
207,https://jobs.bnymellon.com/jobs/1901505?lang=en-us
208,https://jobs.bnymellon.com/jobs/1901507?lang=en-us
209,https://jobs.bnymellon.com/jobs/1814620?lang=en-us
210,https://jobs.bnymellon.com/jobs/1900500?lang=en-us
211,https://jobs.bnymellon.com/jobs/1901251?lang=en-us
212,https://jobs.bnymellon.com/jobs/1900840?lang=en-us
213,https://jobs.bnymellon.com/jobs/1901221?lang=en-us
214,https://jobs.bnymellon.com/jobs/1900855?lang=en-us
215,https://jobs.bnymellon.com/jobs/1901091?lang=en-us
216,https://jobs.bnymellon.com/jobs/1901139?lang=en-us
217,https://jobs.bnymellon.com/jobs/1901401?lang=en-us
218,https://jobs.bnymellon.com/jobs/1813904?lang=en-us
219,https://jobs.bnymellon.com/jobs/1901334?lang=en-us
220,https://jobs.bnymellon.com/jobs/1901141?lang=en-us
221,https://jobs.bnymellon.com/jobs/1901515?lang=en-us
222,https://jobs.bnymellon.com/jobs/1901101?lang=en-us
223,https://jobs.bnymellon.com/jobs/1900717?lang=en-us
224,https://jobs.bnymellon.com/jobs/1901514?lang=en-us
225,https://jobs.bnymellon.com/jobs/1901511?lang=en-us
226,https://jobs.bnymellon.com/jobs/1901512?lang=en-us
227,https://jobs.bnymellon.com/jobs/1901513?lang=en-us
228,https://jobs.bnymellon.com/jobs/1900482?lang=en-us
229,https://jobs.bnymellon.com/jobs/1901225?lang=en-us
230,https://jobs.bnymellon.com/jobs/1900852?lang=en-us
231,https://jobs.bnymellon.com/jobs/1901509?lang=en-us
232,https://jobs.bnymellon.com/jobs/1901606?lang=en-us
233,https://jobs.bnymellon.com/jobs/1900837?lang=en-us
234,https://jobs.bnymellon.com/jobs/1901223?lang=en-us
235,https://jobs.bnymellon.com/jobs/1901387?lang=en-us
236,https://jobs.bnymellon.com/jobs/1816259?lang=en-us
237,https://jobs.bnymellon.com/jobs/1812343?lang=en-us
238,https://jobs.bnymellon.com/jobs/1900820?lang=en-us
239,https://jobs.bnymellon.com/jobs/1901452?lang=en-us
240,https://jobs.bnymellon.com/jobs/1901444?lang=en-us
241,https://jobs.bnymellon.com/jobs/1901457?lang=en-us
242,https://jobs.bnymellon.com/jobs/1901460?lang=en-us
243,https://jobs.bnymellon.com/jobs/1900522?lang=en-us
244,https://jobs.bnymellon.com/jobs/1900508?lang=en-us
245,https://jobs.bnymellon.com/jobs/1900737?lang=en-us
246,https://jobs.bnymellon.com/jobs/1900519?lang=en-us
247,https://jobs.bnymellon.com/jobs/1900738?lang=en-us
248,https://jobs.bnymellon.com/jobs/1901129?lang=en-us
249,https://jobs.bnymellon.com/jobs/1812265?lang=en-us
250,https://jobs.bnymellon.com/jobs/1900382?lang=en-us
251,https://jobs.bnymellon.com/jobs/1818434?lang=en-us
252,https://jobs.bnymellon.com/jobs/1900896?lang=en-us
253,https://jobs.bnymellon.com/jobs/1900825?lang=en-us
254,https://jobs.bnymellon.com/jobs/1901415?lang=en-us
255,https://jobs.bnymellon.com/jobs/1900242?lang=en-us
256,https://jobs.bnymellon.com/jobs/1901414?lang=en-us
257,https://jobs.bnymellon.com/jobs/1901516?lang=en-us
258,https://jobs.bnymellon.com/jobs/1901270?lang=en-us
259,https://jobs.bnymellon.com/jobs/1901268?lang=en-us
260,https://jobs.bnymellon.com/jobs/1900794?lang=en-us
261,https://jobs.bnymellon.com/jobs/1901437?lang=en-us
262,https://jobs.bnymellon.com/jobs/1901436?lang=en-us
263,https://jobs.bnymellon.com/jobs/1901440?lang=en-us
264,https://jobs.bnymellon.com/jobs/1901446?lang=en-us
265,https://jobs.bnymellon.com/jobs/1900835?lang=en-us
266,https://jobs.bnymellon.com/jobs/1901448?lang=en-us
267,https://jobs.bnymellon.com/jobs/1901046?lang=en-us
268,https://jobs.bnymellon.com/jobs/1901228?lang=en-us
269,https://jobs.bnymellon.com/jobs/1901104?lang=en-us
270,https://jobs.bnymellon.com/jobs/1901424?lang=en-us
271,https://jobs.bnymellon.com/jobs/1901237?lang=en-us
272,https://jobs.bnymellon.com/jobs/1807645?lang=en-us
273,https://jobs.bnymellon.com/jobs/1901154?lang=en-us
274,https://jobs.bnymellon.com/jobs/1901034?lang=en-us
275,https://jobs.bnymellon.com/jobs/1901395?lang=en-us
276,https://jobs.bnymellon.com/jobs/1900249?lang=en-us
277,https://jobs.bnymellon.com/jobs/1900980?lang=en-us
278,https://jobs.bnymellon.com/jobs/1900736?lang=en-us
279,https://jobs.bnymellon.com/jobs/1901276?lang=en-us
280,https://jobs.bnymellon.com/jobs/1901167?lang=en-us
281,https://jobs.bnymellon.com/jobs/1901071?lang=en-us
282,https://jobs.bnymellon.com/jobs/1901158?lang=en-us
283,https://jobs.bnymellon.com/jobs/1901407?lang=en-us
284,https://jobs.bnymellon.com/jobs/1901382?lang=en-us
285,https://jobs.bnymellon.com/jobs/1819391?lang=en-us
286,https://jobs.bnymellon.com/jobs/1901342?lang=en-us
287,https://jobs.bnymellon.com/jobs/1901405?lang=en-us
288,https://jobs.bnymellon.com/jobs/1819342?lang=en-us
289,https://jobs.bnymellon.com/jobs/1818865?lang=en-us
290,https://jobs.bnymellon.com/jobs/1817793?lang=en-us
291,https://jobs.bnymellon.com/jobs/1900659?lang=en-us
292,https://jobs.bnymellon.com/jobs/1900094?lang=en-us
293,https://jobs.bnymellon.com/jobs/1900661?lang=en-us
294,https://jobs.bnymellon.com/jobs/1817211?lang=en-us
295,https://jobs.bnymellon.com/jobs/1900874?lang=en-us
296,https://jobs.bnymellon.com/jobs/1901383?lang=en-us
297,https://jobs.bnymellon.com/jobs/1901396?lang=en-us
298,https://jobs.bnymellon.com/jobs/1819414?lang=en-us
299,https://jobs.bnymellon.com/jobs/1901412?lang=en-us
300,https://jobs.bnymellon.com/jobs/1901019?lang=en-us
301,https://jobs.bnymellon.com/jobs/1818795?lang=en-us
302,https://jobs.bnymellon.com/jobs/1901413?lang=en-us
303,https://jobs.bnymellon.com/jobs/1819043?lang=en-us
304,https://jobs.bnymellon.com/jobs/1901103?lang=en-us
305,https://jobs.bnymellon.com/jobs/1901199?lang=en-us
306,https://jobs.bnymellon.com/jobs/1819195?lang=en-us
307,https://jobs.bnymellon.com/jobs/1901201?lang=en-us
308,https://jobs.bnymellon.com/jobs/1900777?lang=en-us
309,https://jobs.bnymellon.com/jobs/1900491?lang=en-us
310,https://jobs.bnymellon.com/jobs/1900797?lang=en-us
311,https://jobs.bnymellon.com/jobs/1815800?lang=en-us
312,https://jobs.bnymellon.com/jobs/1901130?lang=en-us
313,https://jobs.bnymellon.com/jobs/1818862?lang=en-us
314,https://jobs.bnymellon.com/jobs/1818555?lang=en-us
315,https://jobs.bnymellon.com/jobs/1901039?lang=en-us
316,https://jobs.bnymellon.com/jobs/1900207?lang=en-us
317,https://jobs.bnymellon.com/jobs/1900387?lang=en-us
318,https://jobs.bnymellon.com/jobs/1901115?lang=en-us
319,https://jobs.bnymellon.com/jobs/1901117?lang=en-us
320,https://jobs.bnymellon.com/jobs/1901116?lang=en-us
321,https://jobs.bnymellon.com/jobs/1900506?lang=en-us
322,https://jobs.bnymellon.com/jobs/1901051?lang=en-us
323,https://jobs.bnymellon.com/jobs/1901013?lang=en-us
324,https://jobs.bnymellon.com/jobs/1900929?lang=en-us
325,https://jobs.bnymellon.com/jobs/1901005?lang=en-us
326,https://jobs.bnymellon.com/jobs/1900880?lang=en-us
327,https://jobs.bnymellon.com/jobs/1901007?lang=en-us
328,https://jobs.bnymellon.com/jobs/1900773?lang=en-us
329,https://jobs.bnymellon.com/jobs/1900832?lang=en-us
330,https://jobs.bnymellon.com/jobs/1901108?lang=en-us
331,https://jobs.bnymellon.com/jobs/1900769?lang=en-us
332,https://jobs.bnymellon.com/jobs/1900778?lang=en-us
333,https://jobs.bnymellon.com/jobs/1901097?lang=en-us
334,https://jobs.bnymellon.com/jobs/1900338?lang=en-us
335,https://jobs.bnymellon.com/jobs/1900766?lang=en-us
336,https://jobs.bnymellon.com/jobs/1900485?lang=en-us
337,https://jobs.bnymellon.com/jobs/1900897?lang=en-us
338,https://jobs.bnymellon.com/jobs/1901152?lang=en-us
339,https://jobs.bnymellon.com/jobs/1815580?lang=en-us
340,https://jobs.bnymellon.com/jobs/1900883?lang=en-us
341,https://jobs.bnymellon.com/jobs/1817001?lang=en-us
342,https://jobs.bnymellon.com/jobs/1816999?lang=en-us
343,https://jobs.bnymellon.com/jobs/1900811?lang=en-us
344,https://jobs.bnymellon.com/jobs/1817968?lang=en-us
345,https://jobs.bnymellon.com/jobs/1815706?lang=en-us
346,https://jobs.bnymellon.com/jobs/1817969?lang=en-us
347,https://jobs.bnymellon.com/jobs/1900463?lang=en-us
348,https://jobs.bnymellon.com/jobs/1900633?lang=en-us
349,https://jobs.bnymellon.com/jobs/1819399?lang=en-us
350,https://jobs.bnymellon.com/jobs/1900919?lang=en-us
351,https://jobs.bnymellon.com/jobs/1901125?lang=en-us
352,https://jobs.bnymellon.com/jobs/1900208?lang=en-us
353,https://jobs.bnymellon.com/jobs/1901155?lang=en-us
354,https://jobs.bnymellon.com/jobs/1819124?lang=en-us
355,https://jobs.bnymellon.com/jobs/1809917?lang=en-us
356,https://jobs.bnymellon.com/jobs/1900384?lang=en-us
357,https://jobs.bnymellon.com/jobs/1815905?lang=en-us
358,https://jobs.bnymellon.com/jobs/1819052?lang=en-us
359,https://jobs.bnymellon.com/jobs/1901118?lang=en-us
360,https://jobs.bnymellon.com/jobs/1819027?lang=en-us
361,https://jobs.bnymellon.com/jobs/1901293?lang=en-us
362,https://jobs.bnymellon.com/jobs/1901160?lang=en-us
363,https://jobs.bnymellon.com/jobs/1901204?lang=en-us
364,https://jobs.bnymellon.com/jobs/1901373?lang=en-us
365,https://jobs.bnymellon.com/jobs/1900420?lang=en-us
366,https://jobs.bnymellon.com/jobs/1900509?lang=en-us
367,https://jobs.bnymellon.com/jobs/1900414?lang=en-us
368,https://jobs.bnymellon.com/jobs/1901102?lang=en-us
369,https://jobs.bnymellon.com/jobs/1817543?lang=en-us
370,https://jobs.bnymellon.com/jobs/1815016?lang=en-us
371,https://jobs.bnymellon.com/jobs/1901076?lang=en-us
372,https://jobs.bnymellon.com/jobs/1813452?lang=en-us
373,https://jobs.bnymellon.com/jobs/1901149?lang=en-us
374,https://jobs.bnymellon.com/jobs/1819396?lang=en-us
375,https://jobs.bnymellon.com/jobs/1900664?lang=en-us
376,https://jobs.bnymellon.com/jobs/1811946?lang=en-us
377,https://jobs.bnymellon.com/jobs/1901190?lang=en-us
378,https://jobs.bnymellon.com/jobs/1901177?lang=en-us
379,https://jobs.bnymellon.com/jobs/1818295?lang=en-us
380,https://jobs.bnymellon.com/jobs/1817468?lang=en-us
381,https://jobs.bnymellon.com/jobs/1900781?lang=en-us
382,https://jobs.bnymellon.com/jobs/1901150?lang=en-us
383,https://jobs.bnymellon.com/jobs/1900174?lang=en-us
384,https://jobs.bnymellon.com/jobs/1900678?lang=en-us
385,https://jobs.bnymellon.com/jobs/1900160?lang=en-us
386,https://jobs.bnymellon.com/jobs/1901050?lang=en-us
387,https://jobs.bnymellon.com/jobs/1900846?lang=en-us
388,https://jobs.bnymellon.com/jobs/1818944?lang=en-us
389,https://jobs.bnymellon.com/jobs/1900690?lang=en-us
390,https://jobs.bnymellon.com/jobs/1900472?lang=en-us
391,https://jobs.bnymellon.com/jobs/1900376?lang=en-us
392,https://jobs.bnymellon.com/jobs/1900515?lang=en-us
393,https://jobs.bnymellon.com/jobs/1900520?lang=en-us
394,https://jobs.bnymellon.com/jobs/1900600?lang=en-us
395,https://jobs.bnymellon.com/jobs/1900603?lang=en-us
396,https://jobs.bnymellon.com/jobs/1900641?lang=en-us
397,https://jobs.bnymellon.com/jobs/1900815?lang=en-us
398,https://jobs.bnymellon.com/jobs/1819118?lang=en-us
399,https://jobs.bnymellon.com/jobs/1901033?lang=en-us
400,https://jobs.bnymellon.com/jobs/1901049?lang=en-us
401,https://jobs.bnymellon.com/jobs/1900999?lang=en-us
402,https://jobs.bnymellon.com/jobs/1900707?lang=en-us
403,https://jobs.bnymellon.com/jobs/1900765?lang=en-us
404,https://jobs.bnymellon.com/jobs/1900311?lang=en-us
405,https://jobs.bnymellon.com/jobs/1818656?lang=en-us
406,https://jobs.bnymellon.com/jobs/1900056?lang=en-us
407,https://jobs.bnymellon.com/jobs/1818605?lang=en-us
408,https://jobs.bnymellon.com/jobs/1819348?lang=en-us
409,https://jobs.bnymellon.com/jobs/1900182?lang=en-us
410,https://jobs.bnymellon.com/jobs/1818896?lang=en-us
411,https://jobs.bnymellon.com/jobs/1900801?lang=en-us
412,https://jobs.bnymellon.com/jobs/1816552?lang=en-us
413,https://jobs.bnymellon.com/jobs/1901032?lang=en-us
414,https://jobs.bnymellon.com/jobs/1901031?lang=en-us
415,https://jobs.bnymellon.com/jobs/1901040?lang=en-us
416,https://jobs.bnymellon.com/jobs/1819337?lang=en-us
417,https://jobs.bnymellon.com/jobs/1901010?lang=en-us
418,https://jobs.bnymellon.com/jobs/1716835?lang=en-us
419,https://jobs.bnymellon.com/jobs/1815159?lang=en-us
420,https://jobs.bnymellon.com/jobs/1901038?lang=en-us
421,https://jobs.bnymellon.com/jobs/1819050?lang=en-us
422,https://jobs.bnymellon.com/jobs/1901151?lang=en-us
423,https://jobs.bnymellon.com/jobs/1901203?lang=en-us
424,https://jobs.bnymellon.com/jobs/1814203?lang=en-us
425,https://jobs.bnymellon.com/jobs/1900599?lang=en-us
426,https://jobs.bnymellon.com/jobs/1900666?lang=en-us
427,https://jobs.bnymellon.com/jobs/1900199?lang=en-us
428,https://jobs.bnymellon.com/jobs/1900721?lang=en-us
429,https://jobs.bnymellon.com/jobs/1900658?lang=en-us
430,https://jobs.bnymellon.com/jobs/1901035?lang=en-us
431,https://jobs.bnymellon.com/jobs/1900150?lang=en-us
432,https://jobs.bnymellon.com/jobs/1900168?lang=en-us
433,https://jobs.bnymellon.com/jobs/1819378?lang=en-us
434,https://jobs.bnymellon.com/jobs/1900728?lang=en-us
435,https://jobs.bnymellon.com/jobs/1819364?lang=en-us
436,https://jobs.bnymellon.com/jobs/1900312?lang=en-us
437,https://jobs.bnymellon.com/jobs/1900888?lang=en-us
438,https://jobs.bnymellon.com/jobs/1818815?lang=en-us
439,https://jobs.bnymellon.com/jobs/1900981?lang=en-us
440,https://jobs.bnymellon.com/jobs/1900868?lang=en-us
441,https://jobs.bnymellon.com/jobs/1901048?lang=en-us
442,https://jobs.bnymellon.com/jobs/1900976?lang=en-us
443,https://jobs.bnymellon.com/jobs/1900701?lang=en-us
444,https://jobs.bnymellon.com/jobs/1819104?lang=en-us
445,https://jobs.bnymellon.com/jobs/1818572?lang=en-us
446,https://jobs.bnymellon.com/jobs/1900799?lang=en-us
447,https://jobs.bnymellon.com/jobs/1818732?lang=en-us
448,https://jobs.bnymellon.com/jobs/1819281?lang=en-us
449,https://jobs.bnymellon.com/jobs/1900885?lang=en-us
450,https://jobs.bnymellon.com/jobs/1900307?lang=en-us
451,https://jobs.bnymellon.com/jobs/1900535?lang=en-us
452,https://jobs.bnymellon.com/jobs/1900336?lang=en-us
453,https://jobs.bnymellon.com/jobs/1900793?lang=en-us
454,https://jobs.bnymellon.com/jobs/1900411?lang=en-us
455,https://jobs.bnymellon.com/jobs/1900388?lang=en-us
456,https://jobs.bnymellon.com/jobs/1900668?lang=en-us
457,https://jobs.bnymellon.com/jobs/1900703?lang=en-us
458,https://jobs.bnymellon.com/jobs/1900185?lang=en-us
459,https://jobs.bnymellon.com/jobs/1900889?lang=en-us
460,https://jobs.bnymellon.com/jobs/1900718?lang=en-us
461,https://jobs.bnymellon.com/jobs/1900448?lang=en-us
462,https://jobs.bnymellon.com/jobs/1900790?lang=en-us
463,https://jobs.bnymellon.com/jobs/1900381?lang=en-us
464,https://jobs.bnymellon.com/jobs/1900265?lang=en-us
465,https://jobs.bnymellon.com/jobs/1900514?lang=en-us
466,https://jobs.bnymellon.com/jobs/1900762?lang=en-us
467,https://jobs.bnymellon.com/jobs/1819381?lang=en-us
468,https://jobs.bnymellon.com/jobs/1900930?lang=en-us
469,https://jobs.bnymellon.com/jobs/1819380?lang=en-us
470,https://jobs.bnymellon.com/jobs/1900905?lang=en-us
471,https://jobs.bnymellon.com/jobs/1900209?lang=en-us
472,https://jobs.bnymellon.com/jobs/1900285?lang=en-us
473,https://jobs.bnymellon.com/jobs/1900751?lang=en-us
474,https://jobs.bnymellon.com/jobs/1900203?lang=en-us
475,https://jobs.bnymellon.com/jobs/1900205?lang=en-us
476,https://jobs.bnymellon.com/jobs/1819395?lang=en-us
477,https://jobs.bnymellon.com/jobs/1900471?lang=en-us
478,https://jobs.bnymellon.com/jobs/1900673?lang=en-us
479,https://jobs.bnymellon.com/jobs/1900398?lang=en-us
480,https://jobs.bnymellon.com/jobs/1900502?lang=en-us
481,https://jobs.bnymellon.com/jobs/1900453?lang=en-us
482,https://jobs.bnymellon.com/jobs/1900596?lang=en-us
483,https://jobs.bnymellon.com/jobs/1900452?lang=en-us
484,https://jobs.bnymellon.com/jobs/1818849?lang=en-us
485,https://jobs.bnymellon.com/jobs/1810636?lang=en-us
486,https://jobs.bnymellon.com/jobs/1819413?lang=en-us
487,https://jobs.bnymellon.com/jobs/1900454?lang=en-us
488,https://jobs.bnymellon.com/jobs/1900676?lang=en-us
489,https://jobs.bnymellon.com/jobs/1812866?lang=en-us
490,https://jobs.bnymellon.com/jobs/1900645?lang=en-us
491,https://jobs.bnymellon.com/jobs/1814592?lang=en-us
492,https://jobs.bnymellon.com/jobs/1900326?lang=en-us
493,https://jobs.bnymellon.com/jobs/1818998?lang=en-us
494,https://jobs.bnymellon.com/jobs/1900821?lang=en-us
495,https://jobs.bnymellon.com/jobs/1900969?lang=en-us
496,https://jobs.bnymellon.com/jobs/1900982?lang=en-us
497,https://jobs.bnymellon.com/jobs/1816675?lang=en-us
498,https://jobs.bnymellon.com/jobs/1900232?lang=en-us
499,https://jobs.bnymellon.com/jobs/1900175?lang=en-us
500,https://jobs.bnymellon.com/jobs/1900343?lang=en-us
501,https://jobs.bnymellon.com/jobs/1900757?lang=en-us
502,https://jobs.bnymellon.com/jobs/1819332?lang=en-us
503,https://jobs.bnymellon.com/jobs/1900869?lang=en-us
504,https://jobs.bnymellon.com/jobs/1818967?lang=en-us
505,https://jobs.bnymellon.com/jobs/1900844?lang=en-us
506,https://jobs.bnymellon.com/jobs/1814941?lang=en-us
507,https://jobs.bnymellon.com/jobs/1900505?lang=en-us
508,https://jobs.bnymellon.com/jobs/1900218?lang=en-us
509,https://jobs.bnymellon.com/jobs/1900524?lang=en-us
510,https://jobs.bnymellon.com/jobs/1900533?lang=en-us
511,https://jobs.bnymellon.com/jobs/1900525?lang=en-us
512,https://jobs.bnymellon.com/jobs/1803109?lang=en-us
513,https://jobs.bnymellon.com/jobs/1900526?lang=en-us
514,https://jobs.bnymellon.com/jobs/1900527?lang=en-us
515,https://jobs.bnymellon.com/jobs/1900530?lang=en-us
516,https://jobs.bnymellon.com/jobs/1900704?lang=en-us
517,https://jobs.bnymellon.com/jobs/1900829?lang=en-us
518,https://jobs.bnymellon.com/jobs/1900416?lang=en-us
519,https://jobs.bnymellon.com/jobs/1900747?lang=en-us
520,https://jobs.bnymellon.com/jobs/1810307?lang=en-us
521,https://jobs.bnymellon.com/jobs/1900856?lang=en-us
522,https://jobs.bnymellon.com/jobs/1815729?lang=en-us
523,https://jobs.bnymellon.com/jobs/1900660?lang=en-us
524,https://jobs.bnymellon.com/jobs/1900702?lang=en-us
525,https://jobs.bnymellon.com/jobs/1900827?lang=en-us
526,https://jobs.bnymellon.com/jobs/1900544?lang=en-us
527,https://jobs.bnymellon.com/jobs/1900503?lang=en-us
528,https://jobs.bnymellon.com/jobs/1900439?lang=en-us
529,https://jobs.bnymellon.com/jobs/1900443?lang=en-us
530,https://jobs.bnymellon.com/jobs/1900445?lang=en-us
531,https://jobs.bnymellon.com/jobs/1819299?lang=en-us
532,https://jobs.bnymellon.com/jobs/1819009?lang=en-us
533,https://jobs.bnymellon.com/jobs/1900136?lang=en-us
534,https://jobs.bnymellon.com/jobs/1900692?lang=en-us
535,https://jobs.bnymellon.com/jobs/1818621?lang=en-us
536,https://jobs.bnymellon.com/jobs/1900344?lang=en-us
537,https://jobs.bnymellon.com/jobs/1816995?lang=en-us
538,https://jobs.bnymellon.com/jobs/1816427?lang=en-us
539,https://jobs.bnymellon.com/jobs/1900228?lang=en-us
540,https://jobs.bnymellon.com/jobs/1900595?lang=en-us
541,https://jobs.bnymellon.com/jobs/1900047?lang=en-us
542,https://jobs.bnymellon.com/jobs/1900722?lang=en-us
543,https://jobs.bnymellon.com/jobs/1900613?lang=en-us
544,https://jobs.bnymellon.com/jobs/1900610?lang=en-us
545,https://jobs.bnymellon.com/jobs/1900706?lang=en-us
546,https://jobs.bnymellon.com/jobs/1900608?lang=en-us
547,https://jobs.bnymellon.com/jobs/1804140?lang=en-us
548,https://jobs.bnymellon.com/jobs/1900415?lang=en-us
549,https://jobs.bnymellon.com/jobs/1900400?lang=en-us
550,https://jobs.bnymellon.com/jobs/1900290?lang=en-us
551,https://jobs.bnymellon.com/jobs/1900425?lang=en-us
552,https://jobs.bnymellon.com/jobs/1900424?lang=en-us
553,https://jobs.bnymellon.com/jobs/1900611?lang=en-us
554,https://jobs.bnymellon.com/jobs/1900731?lang=en-us
555,https://jobs.bnymellon.com/jobs/1900236?lang=en-us
556,https://jobs.bnymellon.com/jobs/1900723?lang=en-us
557,https://jobs.bnymellon.com/jobs/1900772?lang=en-us
558,https://jobs.bnymellon.com/jobs/1900761?lang=en-us
559,https://jobs.bnymellon.com/jobs/1819411?lang=en-us
560,https://jobs.bnymellon.com/jobs/1900213?lang=en-us
561,https://jobs.bnymellon.com/jobs/1804939?lang=en-us
562,https://jobs.bnymellon.com/jobs/1809453?lang=en-us
563,https://jobs.bnymellon.com/jobs/1900486?lang=en-us
564,https://jobs.bnymellon.com/jobs/1900663?lang=en-us
565,https://jobs.bnymellon.com/jobs/1817020?lang=en-us
566,https://jobs.bnymellon.com/jobs/1816253?lang=en-us
567,https://jobs.bnymellon.com/jobs/1815418?lang=en-us
568,https://jobs.bnymellon.com/jobs/1818754?lang=en-us
569,https://jobs.bnymellon.com/jobs/1900392?lang=en-us
570,https://jobs.bnymellon.com/jobs/1900462?lang=en-us
571,https://jobs.bnymellon.com/jobs/1900342?lang=en-us
572,https://jobs.bnymellon.com/jobs/1900490?lang=en-us
573,https://jobs.bnymellon.com/jobs/1900421?lang=en-us
574,https://jobs.bnymellon.com/jobs/1900340?lang=en-us
575,https://jobs.bnymellon.com/jobs/1900341?lang=en-us
576,https://jobs.bnymellon.com/jobs/1900422?lang=en-us
577,https://jobs.bnymellon.com/jobs/1900426?lang=en-us
578,https://jobs.bnymellon.com/jobs/1817847?lang=en-us
579,https://jobs.bnymellon.com/jobs/1819188?lang=en-us
580,https://jobs.bnymellon.com/jobs/1817358?lang=en-us
581,https://jobs.bnymellon.com/jobs/1819388?lang=en-us
582,https://jobs.bnymellon.com/jobs/1900282?lang=en-us
583,https://jobs.bnymellon.com/jobs/1900408?lang=en-us
584,https://jobs.bnymellon.com/jobs/1900643?lang=en-us
585,https://jobs.bnymellon.com/jobs/1900467?lang=en-us
586,https://jobs.bnymellon.com/jobs/1900423?lang=en-us
587,https://jobs.bnymellon.com/jobs/1900325?lang=en-us
588,https://jobs.bnymellon.com/jobs/1900403?lang=en-us
589,https://jobs.bnymellon.com/jobs/1900537?lang=en-us
590,https://jobs.bnymellon.com/jobs/1818850?lang=en-us
591,https://jobs.bnymellon.com/jobs/1900330?lang=en-us
592,https://jobs.bnymellon.com/jobs/1819187?lang=en-us
593,https://jobs.bnymellon.com/jobs/1900521?lang=en-us
594,https://jobs.bnymellon.com/jobs/1900110?lang=en-us
595,https://jobs.bnymellon.com/jobs/1900654?lang=en-us
596,https://jobs.bnymellon.com/jobs/1819062?lang=en-us
597,https://jobs.bnymellon.com/jobs/1818791?lang=en-us
598,https://jobs.bnymellon.com/jobs/1816308?lang=en-us
599,https://jobs.bnymellon.com/jobs/1900617?lang=en-us
600,https://jobs.bnymellon.com/jobs/1900114?lang=en-us
601,https://jobs.bnymellon.com/jobs/1900627?lang=en-us
602,https://jobs.bnymellon.com/jobs/1900625?lang=en-us
603,https://jobs.bnymellon.com/jobs/1900039?lang=en-us
604,https://jobs.bnymellon.com/jobs/1817075?lang=en-us
605,https://jobs.bnymellon.com/jobs/1815327?lang=en-us
606,https://jobs.bnymellon.com/jobs/1900370?lang=en-us
607,https://jobs.bnymellon.com/jobs/1900229?lang=en-us
608,https://jobs.bnymellon.com/jobs/1900653?lang=en-us
609,https://jobs.bnymellon.com/jobs/1900217?lang=en-us
610,https://jobs.bnymellon.com/jobs/1900484?lang=en-us
611,https://jobs.bnymellon.com/jobs/1900118?lang=en-us
612,https://jobs.bnymellon.com/jobs/1900284?lang=en-us
613,https://jobs.bnymellon.com/jobs/1900128?lang=en-us
614,https://jobs.bnymellon.com/jobs/1900076?lang=en-us
615,https://jobs.bnymellon.com/jobs/1818036?lang=en-us
616,https://jobs.bnymellon.com/jobs/1900317?lang=en-us
617,https://jobs.bnymellon.com/jobs/1900323?lang=en-us
618,https://jobs.bnymellon.com/jobs/1900609?lang=en-us
619,https://jobs.bnymellon.com/jobs/1819207?lang=en-us
620,https://jobs.bnymellon.com/jobs/1900018?lang=en-us
621,https://jobs.bnymellon.com/jobs/1900334?lang=en-us
622,https://jobs.bnymellon.com/jobs/1819345?lang=en-us
623,https://jobs.bnymellon.com/jobs/1900413?lang=en-us
624,https://jobs.bnymellon.com/jobs/1900404?lang=en-us
625,https://jobs.bnymellon.com/jobs/1819386?lang=en-us
626,https://jobs.bnymellon.com/jobs/1900476?lang=en-us
627,https://jobs.bnymellon.com/jobs/1819412?lang=en-us
628,https://jobs.bnymellon.com/jobs/1900366?lang=en-us
629,https://jobs.bnymellon.com/jobs/1818913?lang=en-us
630,https://jobs.bnymellon.com/jobs/1816702?lang=en-us
631,https://jobs.bnymellon.com/jobs/1900206?lang=en-us
632,https://jobs.bnymellon.com/jobs/1900450?lang=en-us
633,https://jobs.bnymellon.com/jobs/1900451?lang=en-us
634,https://jobs.bnymellon.com/jobs/1900097?lang=en-us
635,https://jobs.bnymellon.com/jobs/1900318?lang=en-us
636,https://jobs.bnymellon.com/jobs/1816479?lang=en-us
637,https://jobs.bnymellon.com/jobs/1900322?lang=en-us
638,https://jobs.bnymellon.com/jobs/1900393?lang=en-us
639,https://jobs.bnymellon.com/jobs/1900369?lang=en-us
640,https://jobs.bnymellon.com/jobs/1900449?lang=en-us
641,https://jobs.bnymellon.com/jobs/1818401?lang=en-us
642,https://jobs.bnymellon.com/jobs/1900155?lang=en-us
643,https://jobs.bnymellon.com/jobs/1817822?lang=en-us
644,https://jobs.bnymellon.com/jobs/1900027?lang=en-us
645,https://jobs.bnymellon.com/jobs/1900154?lang=en-us
646,https://jobs.bnymellon.com/jobs/1818033?lang=en-us
647,https://jobs.bnymellon.com/jobs/1818256?lang=en-us
648,https://jobs.bnymellon.com/jobs/1900261?lang=en-us
649,https://jobs.bnymellon.com/jobs/1819322?lang=en-us
650,https://jobs.bnymellon.com/jobs/1900019?lang=en-us
651,https://jobs.bnymellon.com/jobs/1819061?lang=en-us
652,https://jobs.bnymellon.com/jobs/1819059?lang=en-us
653,https://jobs.bnymellon.com/jobs/1818888?lang=en-us
654,https://jobs.bnymellon.com/jobs/1818889?lang=en-us
655,https://jobs.bnymellon.com/jobs/1818892?lang=en-us
656,https://jobs.bnymellon.com/jobs/1900075?lang=en-us
657,https://jobs.bnymellon.com/jobs/1819150?lang=en-us
658,https://jobs.bnymellon.com/jobs/1900137?lang=en-us
659,https://jobs.bnymellon.com/jobs/1816193?lang=en-us
660,https://jobs.bnymellon.com/jobs/1818251?lang=en-us
661,https://jobs.bnymellon.com/jobs/1817826?lang=en-us
662,https://jobs.bnymellon.com/jobs/1817828?lang=en-us
663,https://jobs.bnymellon.com/jobs/1818246?lang=en-us
664,https://jobs.bnymellon.com/jobs/1818170?lang=en-us
665,https://jobs.bnymellon.com/jobs/1816167?lang=en-us
666,https://jobs.bnymellon.com/jobs/1818467?lang=en-us
667,https://jobs.bnymellon.com/jobs/1819401?lang=en-us
668,https://jobs.bnymellon.com/jobs/1819306?lang=en-us
669,https://jobs.bnymellon.com/jobs/1819305?lang=en-us
670,https://jobs.bnymellon.com/jobs/1816607?lang=en-us
671,https://jobs.bnymellon.com/jobs/1900230?lang=en-us
672,https://jobs.bnymellon.com/jobs/1900231?lang=en-us
673,https://jobs.bnymellon.com/jobs/1900029?lang=en-us
674,https://jobs.bnymellon.com/jobs/1900238?lang=en-us
675,https://jobs.bnymellon.com/jobs/1816530?lang=en-us
676,https://jobs.bnymellon.com/jobs/1900361?lang=en-us
677,https://jobs.bnymellon.com/jobs/1900104?lang=en-us
678,https://jobs.bnymellon.com/jobs/1900180?lang=en-us
679,https://jobs.bnymellon.com/jobs/1809309?lang=en-us
680,https://jobs.bnymellon.com/jobs/1816423?lang=en-us
681,https://jobs.bnymellon.com/jobs/1900166?lang=en-us
682,https://jobs.bnymellon.com/jobs/1815945?lang=en-us
683,https://jobs.bnymellon.com/jobs/1814106?lang=en-us
684,https://jobs.bnymellon.com/jobs/1900135?lang=en-us
685,https://jobs.bnymellon.com/jobs/1900049?lang=en-us
686,https://jobs.bnymellon.com/jobs/1900105?lang=en-us
687,https://jobs.bnymellon.com/jobs/1818135?lang=en-us
688,https://jobs.bnymellon.com/jobs/1819100?lang=en-us
689,https://jobs.bnymellon.com/jobs/1819350?lang=en-us
690,https://jobs.bnymellon.com/jobs/1819205?lang=en-us
691,https://jobs.bnymellon.com/jobs/1819262?lang=en-us
692,https://jobs.bnymellon.com/jobs/1815288?lang=en-us
693,https://jobs.bnymellon.com/jobs/1819280?lang=en-us
694,https://jobs.bnymellon.com/jobs/1818902?lang=en-us
695,https://jobs.bnymellon.com/jobs/1818415?lang=en-us
696,https://jobs.bnymellon.com/jobs/1818945?lang=en-us
697,https://jobs.bnymellon.com/jobs/1818943?lang=en-us
698,https://jobs.bnymellon.com/jobs/1819209?lang=en-us
699,https://jobs.bnymellon.com/jobs/1900263?lang=en-us
700,https://jobs.bnymellon.com/jobs/1815741?lang=en-us
701,https://jobs.bnymellon.com/jobs/1818340?lang=en-us
702,https://jobs.bnymellon.com/jobs/1900169?lang=en-us
703,https://jobs.bnymellon.com/jobs/1819248?lang=en-us
704,https://jobs.bnymellon.com/jobs/1817857?lang=en-us
705,https://jobs.bnymellon.com/jobs/1819275?lang=en-us
706,https://jobs.bnymellon.com/jobs/1818199?lang=en-us
707,https://jobs.bnymellon.com/jobs/1817635?lang=en-us
708,https://jobs.bnymellon.com/jobs/1818814?lang=en-us
709,https://jobs.bnymellon.com/jobs/1900030?lang=en-us
710,https://jobs.bnymellon.com/jobs/1819368?lang=en-us
711,https://jobs.bnymellon.com/jobs/1900124?lang=en-us
712,https://jobs.bnymellon.com/jobs/1900086?lang=en-us
713,https://jobs.bnymellon.com/jobs/1818925?lang=en-us
714,https://jobs.bnymellon.com/jobs/1900066?lang=en-us
715,https://jobs.bnymellon.com/jobs/1900245?lang=en-us
716,https://jobs.bnymellon.com/jobs/1900054?lang=en-us
717,https://jobs.bnymellon.com/jobs/1819421?lang=en-us
718,https://jobs.bnymellon.com/jobs/1900017?lang=en-us
719,https://jobs.bnymellon.com/jobs/1819183?lang=en-us
720,https://jobs.bnymellon.com/jobs/1900071?lang=en-us
721,https://jobs.bnymellon.com/jobs/1819057?lang=en-us
722,https://jobs.bnymellon.com/jobs/1819394?lang=en-us
723,https://jobs.bnymellon.com/jobs/1900142?lang=en-us
724,https://jobs.bnymellon.com/jobs/1900145?lang=en-us
725,https://jobs.bnymellon.com/jobs/1819403?lang=en-us
726,https://jobs.bnymellon.com/jobs/1900140?lang=en-us
727,https://jobs.bnymellon.com/jobs/1900057?lang=en-us
728,https://jobs.bnymellon.com/jobs/1900138?lang=en-us
729,https://jobs.bnymellon.com/jobs/1817846?lang=en-us
730,https://jobs.bnymellon.com/jobs/1819024?lang=en-us
731,https://jobs.bnymellon.com/jobs/1900095?lang=en-us
732,https://jobs.bnymellon.com/jobs/1819319?lang=en-us
733,https://jobs.bnymellon.com/jobs/1818972?lang=en-us
734,https://jobs.bnymellon.com/jobs/1819186?lang=en-us
735,https://jobs.bnymellon.com/jobs/1819360?lang=en-us
736,https://jobs.bnymellon.com/jobs/1819067?lang=en-us
737,https://jobs.bnymellon.com/jobs/1900087?lang=en-us
738,https://jobs.bnymellon.com/jobs/1818642?lang=en-us
739,https://jobs.bnymellon.com/jobs/1819084?lang=en-us
740,https://jobs.bnymellon.com/jobs/1819189?lang=en-us
741,https://jobs.bnymellon.com/jobs/1817591?lang=en-us
742,https://jobs.bnymellon.com/jobs/1819072?lang=en-us
743,https://jobs.bnymellon.com/jobs/1818885?lang=en-us
744,https://jobs.bnymellon.com/jobs/1819167?lang=en-us
745,https://jobs.bnymellon.com/jobs/1818994?lang=en-us
746,https://jobs.bnymellon.com/jobs/1819226?lang=en-us
747,https://jobs.bnymellon.com/jobs/1819166?lang=en-us
748,https://jobs.bnymellon.com/jobs/1816615?lang=en-us
749,https://jobs.bnymellon.com/jobs/1818891?lang=en-us
750,https://jobs.bnymellon.com/jobs/1819402?lang=en-us
751,https://jobs.bnymellon.com/jobs/1819086?lang=en-us
752,https://jobs.bnymellon.com/jobs/1819362?lang=en-us
753,https://jobs.bnymellon.com/jobs/1819035?lang=en-us
754,https://jobs.bnymellon.com/jobs/1816235?lang=en-us
755,https://jobs.bnymellon.com/jobs/1819355?lang=en-us
756,https://jobs.bnymellon.com/jobs/1817014?lang=en-us
757,https://jobs.bnymellon.com/jobs/1812264?lang=en-us
758,https://jobs.bnymellon.com/jobs/1818348?lang=en-us
759,https://jobs.bnymellon.com/jobs/1819286?lang=en-us
760,https://jobs.bnymellon.com/jobs/1819112?lang=en-us
761,https://jobs.bnymellon.com/jobs/1819384?lang=en-us
762,https://jobs.bnymellon.com/jobs/1819164?lang=en-us
763,https://jobs.bnymellon.com/jobs/1819157?lang=en-us
764,https://jobs.bnymellon.com/jobs/1819376?lang=en-us
765,https://jobs.bnymellon.com/jobs/1819251?lang=en-us
766,https://jobs.bnymellon.com/jobs/1819120?lang=en-us
767,https://jobs.bnymellon.com/jobs/1819324?lang=en-us
768,https://jobs.bnymellon.com/jobs/1900009?lang=en-us
769,https://jobs.bnymellon.com/jobs/1818632?lang=en-us
770,https://jobs.bnymellon.com/jobs/1819357?lang=en-us
771,https://jobs.bnymellon.com/jobs/1819315?lang=en-us
772,https://jobs.bnymellon.com/jobs/1819356?lang=en-us
773,https://jobs.bnymellon.com/jobs/1816930?lang=en-us
774,https://jobs.bnymellon.com/jobs/1818022?lang=en-us
775,https://jobs.bnymellon.com/jobs/1900008?lang=en-us
776,https://jobs.bnymellon.com/jobs/1819341?lang=en-us
777,https://jobs.bnymellon.com/jobs/1813858?lang=en-us
778,https://jobs.bnymellon.com/jobs/1819208?lang=en-us
779,https://jobs.bnymellon.com/jobs/1819116?lang=en-us
780,https://jobs.bnymellon.com/jobs/1819115?lang=en-us
781,https://jobs.bnymellon.com/jobs/1817320?lang=en-us
782,https://jobs.bnymellon.com/jobs/1819053?lang=en-us
783,https://jobs.bnymellon.com/jobs/1819066?lang=en-us
784,https://jobs.bnymellon.com/jobs/1816004?lang=en-us
785,https://jobs.bnymellon.com/jobs/1818548?lang=en-us
786,https://jobs.bnymellon.com/jobs/1819354?lang=en-us
787,https://jobs.bnymellon.com/jobs/1819254?lang=en-us
788,https://jobs.bnymellon.com/jobs/1819252?lang=en-us
789,https://jobs.bnymellon.com/jobs/1819163?lang=en-us
790,https://jobs.bnymellon.com/jobs/1819103?lang=en-us
791,https://jobs.bnymellon.com/jobs/1819311?lang=en-us
792,https://jobs.bnymellon.com/jobs/1819295?lang=en-us
793,https://jobs.bnymellon.com/jobs/1818729?lang=en-us
794,https://jobs.bnymellon.com/jobs/1819293?lang=en-us
795,https://jobs.bnymellon.com/jobs/1819179?lang=en-us
796,https://jobs.bnymellon.com/jobs/1819013?lang=en-us
797,https://jobs.bnymellon.com/jobs/1819292?lang=en-us
798,https://jobs.bnymellon.com/jobs/1818427?lang=en-us
799,https://jobs.bnymellon.com/jobs/1819029?lang=en-us
800,https://jobs.bnymellon.com/jobs/1819214?lang=en-us
801,https://jobs.bnymellon.com/jobs/1816154?lang=en-us
802,https://jobs.bnymellon.com/jobs/1818727?lang=en-us
803,https://jobs.bnymellon.com/jobs/1805519?lang=en-us
804,https://jobs.bnymellon.com/jobs/1819196?lang=en-us
805,https://jobs.bnymellon.com/jobs/1819203?lang=en-us
806,https://jobs.bnymellon.com/jobs/1815045?lang=en-us
807,https://jobs.bnymellon.com/jobs/1818090?lang=en-us
808,https://jobs.bnymellon.com/jobs/1818890?lang=en-us
809,https://jobs.bnymellon.com/jobs/1818866?lang=en-us
810,https://jobs.bnymellon.com/jobs/1818822?lang=en-us
811,https://jobs.bnymellon.com/jobs/1815485?lang=en-us
812,https://jobs.bnymellon.com/jobs/1817354?lang=en-us
813,https://jobs.bnymellon.com/jobs/1818950?lang=en-us
814,https://jobs.bnymellon.com/jobs/1819197?lang=en-us
815,https://jobs.bnymellon.com/jobs/1817945?lang=en-us
816,https://jobs.bnymellon.com/jobs/1818930?lang=en-us
817,https://jobs.bnymellon.com/jobs/1818746?lang=en-us
818,https://jobs.bnymellon.com/jobs/1818462?lang=en-us
819,https://jobs.bnymellon.com/jobs/1818790?lang=en-us
820,https://jobs.bnymellon.com/jobs/1818290?lang=en-us
821,https://jobs.bnymellon.com/jobs/1818733?lang=en-us
822,https://jobs.bnymellon.com/jobs/1818575?lang=en-us
823,https://jobs.bnymellon.com/jobs/1817750?lang=en-us
824,https://jobs.bnymellon.com/jobs/1819177?lang=en-us
825,https://jobs.bnymellon.com/jobs/1818753?lang=en-us
826,https://jobs.bnymellon.com/jobs/1814832?lang=en-us
827,https://jobs.bnymellon.com/jobs/1819051?lang=en-us
828,https://jobs.bnymellon.com/jobs/1819097?lang=en-us
829,https://jobs.bnymellon.com/jobs/1817322?lang=en-us
830,https://jobs.bnymellon.com/jobs/1818140?lang=en-us
831,https://jobs.bnymellon.com/jobs/1814760?lang=en-us
832,https://jobs.bnymellon.com/jobs/1818657?lang=en-us
833,https://jobs.bnymellon.com/jobs/1601174?lang=en-us
834,https://jobs.bnymellon.com/jobs/1813465?lang=en-us
835,https://jobs.bnymellon.com/jobs/1807648?lang=en-us
836,https://jobs.bnymellon.com/jobs/1819025?lang=en-us
837,https://jobs.bnymellon.com/jobs/1818737?lang=en-us
838,https://jobs.bnymellon.com/jobs/1816997?lang=en-us
839,https://jobs.bnymellon.com/jobs/1818630?lang=en-us
840,https://jobs.bnymellon.com/jobs/1818724?lang=en-us
841,https://jobs.bnymellon.com/jobs/1706088?lang=en-us
842,https://jobs.bnymellon.com/jobs/1818497?lang=en-us
843,https://jobs.bnymellon.com/jobs/1818549?lang=en-us
844,https://jobs.bnymellon.com/jobs/1817705?lang=en-us
845,https://jobs.bnymellon.com/jobs/1817978?lang=en-us
846,https://jobs.bnymellon.com/jobs/1819006?lang=en-us
847,https://jobs.bnymellon.com/jobs/1817717?lang=en-us
848,https://jobs.bnymellon.com/jobs/1818508?lang=en-us
849,https://jobs.bnymellon.com/jobs/1818402?lang=en-us
850,https://jobs.bnymellon.com/jobs/1818392?lang=en-us
851,https://jobs.bnymellon.com/jobs/1818920?lang=en-us
852,https://jobs.bnymellon.com/jobs/1818870?lang=en-us
853,https://jobs.bnymellon.com/jobs/1818864?lang=en-us
854,https://jobs.bnymellon.com/jobs/1814267?lang=en-us
855,https://jobs.bnymellon.com/jobs/1818748?lang=en-us
856,https://jobs.bnymellon.com/jobs/1818735?lang=en-us
857,https://jobs.bnymellon.com/jobs/1819041?lang=en-us
858,https://jobs.bnymellon.com/jobs/1819042?lang=en-us
859,https://jobs.bnymellon.com/jobs/1819040?lang=en-us
860,https://jobs.bnymellon.com/jobs/1808704?lang=en-us
861,https://jobs.bnymellon.com/jobs/1817382?lang=en-us
862,https://jobs.bnymellon.com/jobs/1818696?lang=en-us
863,https://jobs.bnymellon.com/jobs/1818404?lang=en-us
864,https://jobs.bnymellon.com/jobs/1818127?lang=en-us
865,https://jobs.bnymellon.com/jobs/1818403?lang=en-us
866,https://jobs.bnymellon.com/jobs/1818887?lang=en-us
867,https://jobs.bnymellon.com/jobs/1818587?lang=en-us
868,https://jobs.bnymellon.com/jobs/1818923?lang=en-us
869,https://jobs.bnymellon.com/jobs/1818690?lang=en-us
870,https://jobs.bnymellon.com/jobs/1818792?lang=en-us
871,https://jobs.bnymellon.com/jobs/1813593?lang=en-us
872,https://jobs.bnymellon.com/jobs/1815294?lang=en-us
873,https://jobs.bnymellon.com/jobs/1818698?lang=en-us
874,https://jobs.bnymellon.com/jobs/1818418?lang=en-us
875,https://jobs.bnymellon.com/jobs/1817104?lang=en-us
876,https://jobs.bnymellon.com/jobs/1818863?lang=en-us
877,https://jobs.bnymellon.com/jobs/1817117?lang=en-us
878,https://jobs.bnymellon.com/jobs/1818291?lang=en-us
879,https://jobs.bnymellon.com/jobs/1818474?lang=en-us
880,https://jobs.bnymellon.com/jobs/1818639?lang=en-us
881,https://jobs.bnymellon.com/jobs/1813401?lang=en-us
882,https://jobs.bnymellon.com/jobs/1817790?lang=en-us
883,https://jobs.bnymellon.com/jobs/1818640?lang=en-us
884,https://jobs.bnymellon.com/jobs/1818637?lang=en-us
885,https://jobs.bnymellon.com/jobs/1818834?lang=en-us
886,https://jobs.bnymellon.com/jobs/1818645?lang=en-us
887,https://jobs.bnymellon.com/jobs/1818725?lang=en-us
888,https://jobs.bnymellon.com/jobs/1817885?lang=en-us
889,https://jobs.bnymellon.com/jobs/1812027?lang=en-us
890,https://jobs.bnymellon.com/jobs/1818678?lang=en-us
891,https://jobs.bnymellon.com/jobs/1818383?lang=en-us
892,https://jobs.bnymellon.com/jobs/1818813?lang=en-us
893,https://jobs.bnymellon.com/jobs/1817535?lang=en-us
894,https://jobs.bnymellon.com/jobs/1812472?lang=en-us
895,https://jobs.bnymellon.com/jobs/1818407?lang=en-us
896,https://jobs.bnymellon.com/jobs/1815802?lang=en-us
897,https://jobs.bnymellon.com/jobs/1813955?lang=en-us
898,https://jobs.bnymellon.com/jobs/1814572?lang=en-us
899,https://jobs.bnymellon.com/jobs/1818512?lang=en-us
900,https://jobs.bnymellon.com/jobs/1817113?lang=en-us
901,https://jobs.bnymellon.com/jobs/1818477?lang=en-us
902,https://jobs.bnymellon.com/jobs/1818598?lang=en-us
903,https://jobs.bnymellon.com/jobs/1818679?lang=en-us
904,https://jobs.bnymellon.com/jobs/1818650?lang=en-us
905,https://jobs.bnymellon.com/jobs/1818055?lang=en-us
906,https://jobs.bnymellon.com/jobs/1818121?lang=en-us
907,https://jobs.bnymellon.com/jobs/1818515?lang=en-us
908,https://jobs.bnymellon.com/jobs/1818288?lang=en-us
909,https://jobs.bnymellon.com/jobs/1818452?lang=en-us
910,https://jobs.bnymellon.com/jobs/1817553?lang=en-us
911,https://jobs.bnymellon.com/jobs/1818629?lang=en-us
912,https://jobs.bnymellon.com/jobs/1818343?lang=en-us
913,https://jobs.bnymellon.com/jobs/1818375?lang=en-us
914,https://jobs.bnymellon.com/jobs/1818626?lang=en-us
915,https://jobs.bnymellon.com/jobs/1804529?lang=en-us
916,https://jobs.bnymellon.com/jobs/1816779?lang=en-us
917,https://jobs.bnymellon.com/jobs/1809603?lang=en-us
918,https://jobs.bnymellon.com/jobs/1817881?lang=en-us
919,https://jobs.bnymellon.com/jobs/1818381?lang=en-us
920,https://jobs.bnymellon.com/jobs/1818370?lang=en-us
921,https://jobs.bnymellon.com/jobs/1817604?lang=en-us
922,https://jobs.bnymellon.com/jobs/1815655?lang=en-us
923,https://jobs.bnymellon.com/jobs/1818491?lang=en-us
924,https://jobs.bnymellon.com/jobs/1818232?lang=en-us
925,https://jobs.bnymellon.com/jobs/1817804?lang=en-us
926,https://jobs.bnymellon.com/jobs/1817923?lang=en-us
927,https://jobs.bnymellon.com/jobs/1808901?lang=en-us
928,https://jobs.bnymellon.com/jobs/1817294?lang=en-us
929,https://jobs.bnymellon.com/jobs/1818181?lang=en-us
930,https://jobs.bnymellon.com/jobs/1818573?lang=en-us
931,https://jobs.bnymellon.com/jobs/1817373?lang=en-us
932,https://jobs.bnymellon.com/jobs/1816491?lang=en-us
933,https://jobs.bnymellon.com/jobs/1816878?lang=en-us
934,https://jobs.bnymellon.com/jobs/1818118?lang=en-us
935,https://jobs.bnymellon.com/jobs/1818120?lang=en-us
936,https://jobs.bnymellon.com/jobs/1813687?lang=en-us
937,https://jobs.bnymellon.com/jobs/1818056?lang=en-us
938,https://jobs.bnymellon.com/jobs/1818278?lang=en-us
939,https://jobs.bnymellon.com/jobs/1813451?lang=en-us
940,https://jobs.bnymellon.com/jobs/1817998?lang=en-us
941,https://jobs.bnymellon.com/jobs/1818292?lang=en-us
942,https://jobs.bnymellon.com/jobs/1818470?lang=en-us
943,https://jobs.bnymellon.com/jobs/1817996?lang=en-us
944,https://jobs.bnymellon.com/jobs/1817235?lang=en-us
945,https://jobs.bnymellon.com/jobs/1716242?lang=en-us
946,https://jobs.bnymellon.com/jobs/1817025?lang=en-us
947,https://jobs.bnymellon.com/jobs/1817335?lang=en-us
948,https://jobs.bnymellon.com/jobs/1818380?lang=en-us
949,https://jobs.bnymellon.com/jobs/1812749?lang=en-us
950,https://jobs.bnymellon.com/jobs/1818439?lang=en-us
951,https://jobs.bnymellon.com/jobs/1818160?lang=en-us
952,https://jobs.bnymellon.com/jobs/1815154?lang=en-us
953,https://jobs.bnymellon.com/jobs/1815347?lang=en-us
954,https://jobs.bnymellon.com/jobs/1817059?lang=en-us
955,https://jobs.bnymellon.com/jobs/1818258?lang=en-us
956,https://jobs.bnymellon.com/jobs/1817931?lang=en-us
957,https://jobs.bnymellon.com/jobs/1818236?lang=en-us
958,https://jobs.bnymellon.com/jobs/1818128?lang=en-us
959,https://jobs.bnymellon.com/jobs/1817539?lang=en-us
960,https://jobs.bnymellon.com/jobs/1817669?lang=en-us
961,https://jobs.bnymellon.com/jobs/1817379?lang=en-us
962,https://jobs.bnymellon.com/jobs/1816096?lang=en-us
963,https://jobs.bnymellon.com/jobs/1817374?lang=en-us
964,https://jobs.bnymellon.com/jobs/1818416?lang=en-us
965,https://jobs.bnymellon.com/jobs/1817938?lang=en-us
966,https://jobs.bnymellon.com/jobs/1818198?lang=en-us
967,https://jobs.bnymellon.com/jobs/1818268?lang=en-us
968,https://jobs.bnymellon.com/jobs/1818328?lang=en-us
969,https://jobs.bnymellon.com/jobs/1818263?lang=en-us
970,https://jobs.bnymellon.com/jobs/1812596?lang=en-us
971,https://jobs.bnymellon.com/jobs/1818226?lang=en-us
972,https://jobs.bnymellon.com/jobs/1818060?lang=en-us
973,https://jobs.bnymellon.com/jobs/1818235?lang=en-us
974,https://jobs.bnymellon.com/jobs/1818204?lang=en-us
975,https://jobs.bnymellon.com/jobs/1818357?lang=en-us
976,https://jobs.bnymellon.com/jobs/1818138?lang=en-us
977,https://jobs.bnymellon.com/jobs/1817851?lang=en-us
978,https://jobs.bnymellon.com/jobs/1817850?lang=en-us
979,https://jobs.bnymellon.com/jobs/1818095?lang=en-us
980,https://jobs.bnymellon.com/jobs/1817573?lang=en-us
981,https://jobs.bnymellon.com/jobs/1817722?lang=en-us
982,https://jobs.bnymellon.com/jobs/1812330?lang=en-us
983,https://jobs.bnymellon.com/jobs/1818005?lang=en-us
984,https://jobs.bnymellon.com/jobs/1817644?lang=en-us
985,https://jobs.bnymellon.com/jobs/1817333?lang=en-us
986,https://jobs.bnymellon.com/jobs/1817305?lang=en-us
987,https://jobs.bnymellon.com/jobs/1817724?lang=en-us
988,https://jobs.bnymellon.com/jobs/1817313?lang=en-us
989,https://jobs.bnymellon.com/jobs/1817707?lang=en-us
990,https://jobs.bnymellon.com/jobs/1817646?lang=en-us
991,https://jobs.bnymellon.com/jobs/1817848?lang=en-us
992,https://jobs.bnymellon.com/jobs/1817959?lang=en-us
993,https://jobs.bnymellon.com/jobs/1817736?lang=en-us
994,https://jobs.bnymellon.com/jobs/1817734?lang=en-us
995,https://jobs.bnymellon.com/jobs/1817729?lang=en-us
996,https://jobs.bnymellon.com/jobs/1817818?lang=en-us
997,https://jobs.bnymellon.com/jobs/1817687?lang=en-us
998,https://jobs.bnymellon.com/jobs/1817435?lang=en-us
999,https://jobs.bnymellon.com/jobs/1817929?lang=en-us
1000,https://jobs.bnymellon.com/jobs/1817203?lang=en-us
1001,https://jobs.bnymellon.com/jobs/1817976?lang=en-us
1002,https://jobs.bnymellon.com/jobs/1814041?lang=en-us
1003,https://jobs.bnymellon.com/jobs/1811776?lang=en-us
1004,https://jobs.bnymellon.com/jobs/1817085?lang=en-us
1005,https://jobs.bnymellon.com/jobs/1818049?lang=en-us
1006,https://jobs.bnymellon.com/jobs/1817898?lang=en-us
1007,https://jobs.bnymellon.com/jobs/1817387?lang=en-us
1008,https://jobs.bnymellon.com/jobs/1817916?lang=en-us
1009,https://jobs.bnymellon.com/jobs/1817919?lang=en-us
1010,https://jobs.bnymellon.com/jobs/1816721?lang=en-us
1011,https://jobs.bnymellon.com/jobs/1817150?lang=en-us
1012,https://jobs.bnymellon.com/jobs/1816936?lang=en-us
1013,https://jobs.bnymellon.com/jobs/1816169?lang=en-us
1014,https://jobs.bnymellon.com/jobs/1817072?lang=en-us
1015,https://jobs.bnymellon.com/jobs/1817401?lang=en-us
1016,https://jobs.bnymellon.com/jobs/1817859?lang=en-us
1017,https://jobs.bnymellon.com/jobs/1817702?lang=en-us
1018,https://jobs.bnymellon.com/jobs/1818000?lang=en-us
1019,https://jobs.bnymellon.com/jobs/1817774?lang=en-us
1020,https://jobs.bnymellon.com/jobs/1811623?lang=en-us
1021,https://jobs.bnymellon.com/jobs/1812383?lang=en-us
1022,https://jobs.bnymellon.com/jobs/1817759?lang=en-us
1023,https://jobs.bnymellon.com/jobs/1817864?lang=en-us
1024,https://jobs.bnymellon.com/jobs/1816785?lang=en-us
1025,https://jobs.bnymellon.com/jobs/1817007?lang=en-us
1026,https://jobs.bnymellon.com/jobs/1817038?lang=en-us
1027,https://jobs.bnymellon.com/jobs/1817962?lang=en-us
1028,https://jobs.bnymellon.com/jobs/1817714?lang=en-us
1029,https://jobs.bnymellon.com/jobs/1817943?lang=en-us
1030,https://jobs.bnymellon.com/jobs/1817949?lang=en-us
1031,https://jobs.bnymellon.com/jobs/1817071?lang=en-us
1032,https://jobs.bnymellon.com/jobs/1817152?lang=en-us
1033,https://jobs.bnymellon.com/jobs/1817577?lang=en-us
1034,https://jobs.bnymellon.com/jobs/1817409?lang=en-us
1035,https://jobs.bnymellon.com/jobs/1816806?lang=en-us
1036,https://jobs.bnymellon.com/jobs/1810473?lang=en-us
1037,https://jobs.bnymellon.com/jobs/1817314?lang=en-us
1038,https://jobs.bnymellon.com/jobs/1817433?lang=en-us
1039,https://jobs.bnymellon.com/jobs/1817304?lang=en-us
1040,https://jobs.bnymellon.com/jobs/1816974?lang=en-us
1041,https://jobs.bnymellon.com/jobs/1816793?lang=en-us
1042,https://jobs.bnymellon.com/jobs/1817037?lang=en-us
1043,https://jobs.bnymellon.com/jobs/1817279?lang=en-us
1044,https://jobs.bnymellon.com/jobs/1815985?lang=en-us
1045,https://jobs.bnymellon.com/jobs/1812409?lang=en-us
1046,https://jobs.bnymellon.com/jobs/1817710?lang=en-us
1047,https://jobs.bnymellon.com/jobs/1817620?lang=en-us
1048,https://jobs.bnymellon.com/jobs/1815311?lang=en-us
1049,https://jobs.bnymellon.com/jobs/1815312?lang=en-us
1050,https://jobs.bnymellon.com/jobs/1816422?lang=en-us
1051,https://jobs.bnymellon.com/jobs/1817097?lang=en-us
1052,https://jobs.bnymellon.com/jobs/1817656?lang=en-us
1053,https://jobs.bnymellon.com/jobs/1817439?lang=en-us
1054,https://jobs.bnymellon.com/jobs/1817035?lang=en-us
1055,https://jobs.bnymellon.com/jobs/1816490?lang=en-us
1056,https://jobs.bnymellon.com/jobs/1817106?lang=en-us
1057,https://jobs.bnymellon.com/jobs/1816876?lang=en-us
1058,https://jobs.bnymellon.com/jobs/1816796?lang=en-us
1059,https://jobs.bnymellon.com/jobs/1816783?lang=en-us
1060,https://jobs.bnymellon.com/jobs/1812202?lang=en-us
1061,https://jobs.bnymellon.com/jobs/1817490?lang=en-us
1062,https://jobs.bnymellon.com/jobs/1816401?lang=en-us
1063,https://jobs.bnymellon.com/jobs/1817317?lang=en-us
1064,https://jobs.bnymellon.com/jobs/1816052?lang=en-us
1065,https://jobs.bnymellon.com/jobs/1813244?lang=en-us
1066,https://jobs.bnymellon.com/jobs/1816891?lang=en-us
1067,https://jobs.bnymellon.com/jobs/1817121?lang=en-us
1068,https://jobs.bnymellon.com/jobs/1816511?lang=en-us
1069,https://jobs.bnymellon.com/jobs/1817257?lang=en-us
1070,https://jobs.bnymellon.com/jobs/1816914?lang=en-us
1071,https://jobs.bnymellon.com/jobs/1817141?lang=en-us
1072,https://jobs.bnymellon.com/jobs/1813852?lang=en-us
1073,https://jobs.bnymellon.com/jobs/1816973?lang=en-us
1074,https://jobs.bnymellon.com/jobs/1817416?lang=en-us
1075,https://jobs.bnymellon.com/jobs/1812352?lang=en-us
1076,https://jobs.bnymellon.com/jobs/1816970?lang=en-us
1077,https://jobs.bnymellon.com/jobs/1816880?lang=en-us
1078,https://jobs.bnymellon.com/jobs/1817136?lang=en-us
1079,https://jobs.bnymellon.com/jobs/1817315?lang=en-us
1080,https://jobs.bnymellon.com/jobs/1817316?lang=en-us
1081,https://jobs.bnymellon.com/jobs/1810225?lang=en-us
1082,https://jobs.bnymellon.com/jobs/1816683?lang=en-us
1083,https://jobs.bnymellon.com/jobs/1817299?lang=en-us
1084,https://jobs.bnymellon.com/jobs/1816000?lang=en-us
1085,https://jobs.bnymellon.com/jobs/1816834?lang=en-us
1086,https://jobs.bnymellon.com/jobs/1816987?lang=en-us
1087,https://jobs.bnymellon.com/jobs/1809960?lang=en-us
1088,https://jobs.bnymellon.com/jobs/1816636?lang=en-us
1089,https://jobs.bnymellon.com/jobs/1816134?lang=en-us
1090,https://jobs.bnymellon.com/jobs/1815610?lang=en-us
1091,https://jobs.bnymellon.com/jobs/1815662?lang=en-us
1092,https://jobs.bnymellon.com/jobs/1816395?lang=en-us
1093,https://jobs.bnymellon.com/jobs/1816985?lang=en-us
1094,https://jobs.bnymellon.com/jobs/1816582?lang=en-us
1095,https://jobs.bnymellon.com/jobs/1816969?lang=en-us
1096,https://jobs.bnymellon.com/jobs/1816932?lang=en-us
1097,https://jobs.bnymellon.com/jobs/1816807?lang=en-us
1098,https://jobs.bnymellon.com/jobs/1813238?lang=en-us
1099,https://jobs.bnymellon.com/jobs/1817005?lang=en-us
1100,https://jobs.bnymellon.com/jobs/1816858?lang=en-us
1101,https://jobs.bnymellon.com/jobs/1816737?lang=en-us
1102,https://jobs.bnymellon.com/jobs/1816685?lang=en-us
1103,https://jobs.bnymellon.com/jobs/1816686?lang=en-us
1104,https://jobs.bnymellon.com/jobs/1816504?lang=en-us
1105,https://jobs.bnymellon.com/jobs/1816372?lang=en-us
1106,https://jobs.bnymellon.com/jobs/1713226?lang=en-us
1107,https://jobs.bnymellon.com/jobs/1815771?lang=en-us
1108,https://jobs.bnymellon.com/jobs/1816724?lang=en-us
1109,https://jobs.bnymellon.com/jobs/1816644?lang=en-us
1110,https://jobs.bnymellon.com/jobs/1814662?lang=en-us
1111,https://jobs.bnymellon.com/jobs/1816548?lang=en-us
1112,https://jobs.bnymellon.com/jobs/1811716?lang=en-us
1113,https://jobs.bnymellon.com/jobs/1811710?lang=en-us
1114,https://jobs.bnymellon.com/jobs/1815819?lang=en-us
1115,https://jobs.bnymellon.com/jobs/1812074?lang=en-us
1116,https://jobs.bnymellon.com/jobs/1815743?lang=en-us
1117,https://jobs.bnymellon.com/jobs/1816334?lang=en-us
1118,https://jobs.bnymellon.com/jobs/1815761?lang=en-us
1119,https://jobs.bnymellon.com/jobs/1816487?lang=en-us
1120,https://jobs.bnymellon.com/jobs/1816556?lang=en-us
1121,https://jobs.bnymellon.com/jobs/1811714?lang=en-us
1122,https://jobs.bnymellon.com/jobs/1815884?lang=en-us
1123,https://jobs.bnymellon.com/jobs/1815548?lang=en-us
1124,https://jobs.bnymellon.com/jobs/1810655?lang=en-us
1125,https://jobs.bnymellon.com/jobs/1816274?lang=en-us
1126,https://jobs.bnymellon.com/jobs/1816275?lang=en-us
1127,https://jobs.bnymellon.com/jobs/1816555?lang=en-us
1128,https://jobs.bnymellon.com/jobs/1816442?lang=en-us
1129,https://jobs.bnymellon.com/jobs/1816486?lang=en-us
1130,https://jobs.bnymellon.com/jobs/1816499?lang=en-us
1131,https://jobs.bnymellon.com/jobs/1816443?lang=en-us
1132,https://jobs.bnymellon.com/jobs/1816470?lang=en-us
1133,https://jobs.bnymellon.com/jobs/1813895?lang=en-us
1134,https://jobs.bnymellon.com/jobs/1816327?lang=en-us
1135,https://jobs.bnymellon.com/jobs/1810493?lang=en-us
1136,https://jobs.bnymellon.com/jobs/1815037?lang=en-us
1137,https://jobs.bnymellon.com/jobs/1816441?lang=en-us
1138,https://jobs.bnymellon.com/jobs/1815608?lang=en-us
1139,https://jobs.bnymellon.com/jobs/1814962?lang=en-us
1140,https://jobs.bnymellon.com/jobs/1814733?lang=en-us
1141,https://jobs.bnymellon.com/jobs/1813898?lang=en-us
1142,https://jobs.bnymellon.com/jobs/1812998?lang=en-us
1143,https://jobs.bnymellon.com/jobs/1813997?lang=en-us
1144,https://jobs.bnymellon.com/jobs/1812994?lang=en-us
1145,https://jobs.bnymellon.com/jobs/1813000?lang=en-us
1146,https://jobs.bnymellon.com/jobs/1815956?lang=en-us
1147,https://jobs.bnymellon.com/jobs/1815014?lang=en-us
1148,https://jobs.bnymellon.com/jobs/1816136?lang=en-us
1149,https://jobs.bnymellon.com/jobs/1815865?lang=en-us
1150,https://jobs.bnymellon.com/jobs/1814899?lang=en-us
1151,https://jobs.bnymellon.com/jobs/1815487?lang=en-us
1152,https://jobs.bnymellon.com/jobs/1815626?lang=en-us
1153,https://jobs.bnymellon.com/jobs/1815323?lang=en-us
1154,https://jobs.bnymellon.com/jobs/1806737?lang=en-us
1155,https://jobs.bnymellon.com/jobs/1809018?lang=en-us
1156,https://jobs.bnymellon.com/jobs/1815413?lang=en-us
1157,https://jobs.bnymellon.com/jobs/1814722?lang=en-us
1158,https://jobs.bnymellon.com/jobs/1813112?lang=en-us
1159,https://jobs.bnymellon.com/jobs/1815896?lang=en-us
1160,https://jobs.bnymellon.com/jobs/1813195?lang=en-us
1161,https://jobs.bnymellon.com/jobs/1815622?lang=en-us
1162,https://jobs.bnymellon.com/jobs/1814112?lang=en-us
1163,https://jobs.bnymellon.com/jobs/1815563?lang=en-us
1164,https://jobs.bnymellon.com/jobs/1815561?lang=en-us
1165,https://jobs.bnymellon.com/jobs/1811056?lang=en-us
1166,https://jobs.bnymellon.com/jobs/1815008?lang=en-us
1167,https://jobs.bnymellon.com/jobs/1815759?lang=en-us
1168,https://jobs.bnymellon.com/jobs/1815489?lang=en-us
1169,https://jobs.bnymellon.com/jobs/1814364?lang=en-us
1170,https://jobs.bnymellon.com/jobs/1815522?lang=en-us
1171,https://jobs.bnymellon.com/jobs/1814332?lang=en-us
1172,https://jobs.bnymellon.com/jobs/1805793?lang=en-us
1173,https://jobs.bnymellon.com/jobs/1815515?lang=en-us
1174,https://jobs.bnymellon.com/jobs/1615104?lang=en-us
1175,https://jobs.bnymellon.com/jobs/1811229?lang=en-us
1176,https://jobs.bnymellon.com/jobs/1814946?lang=en-us
1177,https://jobs.bnymellon.com/jobs/1814709?lang=en-us
1178,https://jobs.bnymellon.com/jobs/1814500?lang=en-us
1179,https://jobs.bnymellon.com/jobs/1814947?lang=en-us
1180,https://jobs.bnymellon.com/jobs/1815304?lang=en-us
1181,https://jobs.bnymellon.com/jobs/1815138?lang=en-us
1182,https://jobs.bnymellon.com/jobs/1803350?lang=en-us
1183,https://jobs.bnymellon.com/jobs/1808392?lang=en-us
1184,https://jobs.bnymellon.com/jobs/1808859?lang=en-us
1185,https://jobs.bnymellon.com/jobs/1808496?lang=en-us
1186,https://jobs.bnymellon.com/jobs/1809785?lang=en-us
1187,https://jobs.bnymellon.com/jobs/1814443?lang=en-us
1188,https://jobs.bnymellon.com/jobs/1814751?lang=en-us
1189,https://jobs.bnymellon.com/jobs/1815035?lang=en-us
1190,https://jobs.bnymellon.com/jobs/1812791?lang=en-us
1191,https://jobs.bnymellon.com/jobs/1815024?lang=en-us
1192,https://jobs.bnymellon.com/jobs/1815281?lang=en-us
1193,https://jobs.bnymellon.com/jobs/1716734?lang=en-us
1194,https://jobs.bnymellon.com/jobs/1813334?lang=en-us
1195,https://jobs.bnymellon.com/jobs/1809266?lang=en-us
1196,https://jobs.bnymellon.com/jobs/1815103?lang=en-us
1197,https://jobs.bnymellon.com/jobs/1814472?lang=en-us
1198,https://jobs.bnymellon.com/jobs/1813402?lang=en-us
1199,https://jobs.bnymellon.com/jobs/1813488?lang=en-us
1200,https://jobs.bnymellon.com/jobs/1813594?lang=en-us
1201,https://jobs.bnymellon.com/jobs/1813290?lang=en-us
1202,https://jobs.bnymellon.com/jobs/1812548?lang=en-us
1203,https://jobs.bnymellon.com/jobs/1813620?lang=en-us
1204,https://jobs.bnymellon.com/jobs/1813863?lang=en-us
1205,https://jobs.bnymellon.com/jobs/1813731?lang=en-us
1206,https://jobs.bnymellon.com/jobs/1811613?lang=en-us
1207,https://jobs.bnymellon.com/jobs/1813618?lang=en-us
1208,https://jobs.bnymellon.com/jobs/1813990?lang=en-us
1209,https://jobs.bnymellon.com/jobs/1813884?lang=en-us
1210,https://jobs.bnymellon.com/jobs/1810293?lang=en-us
1211,https://jobs.bnymellon.com/jobs/1813705?lang=en-us
1212,https://jobs.bnymellon.com/jobs/1813189?lang=en-us
1213,https://jobs.bnymellon.com/jobs/1811948?lang=en-us
1214,https://jobs.bnymellon.com/jobs/1812055?lang=en-us
1215,https://jobs.bnymellon.com/jobs/1813554?lang=en-us
1216,https://jobs.bnymellon.com/jobs/1810037?lang=en-us
1217,https://jobs.bnymellon.com/jobs/1813331?lang=en-us
1218,https://jobs.bnymellon.com/jobs/1812671?lang=en-us
1219,https://jobs.bnymellon.com/jobs/1812365?lang=en-us
1220,https://jobs.bnymellon.com/jobs/1812836?lang=en-us
1221,https://jobs.bnymellon.com/jobs/1810877?lang=en-us
1222,https://jobs.bnymellon.com/jobs/1812086?lang=en-us
1223,https://jobs.bnymellon.com/jobs/1812560?lang=en-us
1224,https://jobs.bnymellon.com/jobs/1809509?lang=en-us
1225,https://jobs.bnymellon.com/jobs/1812114?lang=en-us
1226,https://jobs.bnymellon.com/jobs/1812709?lang=en-us
1227,https://jobs.bnymellon.com/jobs/1809744?lang=en-us
1228,https://jobs.bnymellon.com/jobs/1710742?lang=en-us
1229,https://jobs.bnymellon.com/jobs/1710089?lang=en-us
1230,https://jobs.bnymellon.com/jobs/1811481?lang=en-us
1231,https://jobs.bnymellon.com/jobs/1812555?lang=en-us
1232,https://jobs.bnymellon.com/jobs/1812651?lang=en-us
1233,https://jobs.bnymellon.com/jobs/1810988?lang=en-us
1234,https://jobs.bnymellon.com/jobs/1811999?lang=en-us
1235,https://jobs.bnymellon.com/jobs/1809923?lang=en-us
1236,https://jobs.bnymellon.com/jobs/1812367?lang=en-us
1237,https://jobs.bnymellon.com/jobs/1812026?lang=en-us
1238,https://jobs.bnymellon.com/jobs/1810013?lang=en-us
1239,https://jobs.bnymellon.com/jobs/1811126?lang=en-us
1240,https://jobs.bnymellon.com/jobs/1812094?lang=en-us
1241,https://jobs.bnymellon.com/jobs/1811645?lang=en-us
1242,https://jobs.bnymellon.com/jobs/1811610?lang=en-us
1243,https://jobs.bnymellon.com/jobs/1811699?lang=en-us
1244,https://jobs.bnymellon.com/jobs/1811734?lang=en-us
1245,https://jobs.bnymellon.com/jobs/1811758?lang=en-us
1246,https://jobs.bnymellon.com/jobs/1805911?lang=en-us
1247,https://jobs.bnymellon.com/jobs/1811398?lang=en-us
1248,https://jobs.bnymellon.com/jobs/1811740?lang=en-us
1249,https://jobs.bnymellon.com/jobs/1811556?lang=en-us
1250,https://jobs.bnymellon.com/jobs/1711654?lang=en-us
1251,https://jobs.bnymellon.com/jobs/1811239?lang=en-us
1252,https://jobs.bnymellon.com/jobs/1810950?lang=en-us
1253,https://jobs.bnymellon.com/jobs/1711653?lang=en-us
1254,https://jobs.bnymellon.com/jobs/1810819?lang=en-us
1255,https://jobs.bnymellon.com/jobs/1810492?lang=en-us
1256,https://jobs.bnymellon.com/jobs/1810496?lang=en-us
1257,https://jobs.bnymellon.com/jobs/1810638?lang=en-us
1258,https://jobs.bnymellon.com/jobs/1810137?lang=en-us
1259,https://jobs.bnymellon.com/jobs/1810498?lang=en-us
1260,https://jobs.bnymellon.com/jobs/1809773?lang=en-us
1261,https://jobs.bnymellon.com/jobs/1810494?lang=en-us
1262,https://jobs.bnymellon.com/jobs/1710083?lang=en-us
1263,https://jobs.bnymellon.com/jobs/1710737?lang=en-us
1264,https://jobs.bnymellon.com/jobs/1711652?lang=en-us
1265,https://jobs.bnymellon.com/jobs/1809265?lang=en-us
1266,https://jobs.bnymellon.com/jobs/1810032?lang=en-us
1267,https://jobs.bnymellon.com/jobs/1808528?lang=en-us
1268,https://jobs.bnymellon.com/jobs/1809263?lang=en-us
1269,https://jobs.bnymellon.com/jobs/1808895?lang=en-us
1270,https://jobs.bnymellon.com/jobs/1808795?lang=en-us
1271,https://jobs.bnymellon.com/jobs/1809518?lang=en-us
1272,https://jobs.bnymellon.com/jobs/1808487?lang=en-us
1273,https://jobs.bnymellon.com/jobs/1809208?lang=en-us
1274,https://jobs.bnymellon.com/jobs/1806964?lang=en-us
1275,https://jobs.bnymellon.com/jobs/1805661?lang=en-us
1276,https://jobs.bnymellon.com/jobs/1808887?lang=en-us
1277,https://jobs.bnymellon.com/jobs/1807797?lang=en-us
1278,https://jobs.bnymellon.com/jobs/1807558?lang=en-us
1279,https://jobs.bnymellon.com/jobs/1804034?lang=en-us
1280,https://jobs.bnymellon.com/jobs/1807330?lang=en-us
1281,https://jobs.bnymellon.com/jobs/1804036?lang=en-us
1282,https://jobs.bnymellon.com/jobs/1806903?lang=en-us
1283,https://jobs.bnymellon.com/jobs/1806749?lang=en-us
1284,https://jobs.bnymellon.com/jobs/1805262?lang=en-us
1285,https://jobs.bnymellon.com/jobs/1805995?lang=en-us
1286,https://jobs.bnymellon.com/jobs/1804532?lang=en-us
1287,https://jobs.bnymellon.com/jobs/1806367?lang=en-us
1288,https://jobs.bnymellon.com/jobs/1705375?lang=en-us
1289,https://jobs.bnymellon.com/jobs/1803335?lang=en-us
1290,https://jobs.bnymellon.com/jobs/1804408?lang=en-us
1291,https://jobs.bnymellon.com/jobs/1803610?lang=en-us
1292,https://jobs.bnymellon.com/jobs/1603605?lang=en-us
1293,https://jobs.bnymellon.com/jobs/1801200?lang=en-us
1294,https://jobs.bnymellon.com/jobs/1700722?lang=en-us
1295,https://jobs.bnymellon.com/jobs/1800588?lang=en-us
1296,https://jobs.bnymellon.com/jobs/1716235?lang=en-us
1297,https://jobs.bnymellon.com/jobs/1716232?lang=en-us
1298,https://jobs.bnymellon.com/jobs/1515809?lang=en-us
1299,https://jobs.bnymellon.com/jobs/1507793?lang=en-us
1300,https://jobs.bnymellon.com/jobs/1700724?lang=en-us
1301,https://jobs.bnymellon.com/jobs/1506675?lang=en-us
1302,https://jobs.bnymellon.com/jobs/1711894?lang=en-us
1303,https://jobs.bnymellon.com/jobs/1503823?lang=en-us
1304,https://jobs.bnymellon.com/jobs/1702992?lang=en-us
1305,https://jobs.bnymellon.com/jobs/1503456?lang=en-us
1306,https://jobs.bnymellon.com/jobs/1700725?lang=en-us
1307,https://jobs.bnymellon.com/jobs/1502191?lang=en-us
1308,https://jobs.bnymellon.com/jobs/1505918?lang=en-us
1309,https://jobs.bnymellon.com/jobs/1515733?lang=en-us
1310,https://jobs.bnymellon.com/jobs/1704752?lang=en-us
1311,https://jobs.bnymellon.com/jobs/1702993?lang=en-us
1312,https://jobs.bnymellon.com/jobs/1503955?lang=en-us
1313,https://jobs.bnymellon.com/jobs/1512365?lang=en-us
1314,https://jobs.bnymellon.com/jobs/1603200?lang=en-us
1315,https://jobs.bnymellon.com/jobs/1606844?lang=en-us
1316,https://jobs.bnymellon.com/jobs/1606846?lang=en-us
