1,banks
2,insurance
3,provide
4,data
5,risk
6,services
7,payments
8,insurers
9,digital
10,products
11,risks
12,user
13,platform
14,transactions
15,time
16,process
17,case
18,system
19,report
20,financial
21,customers
22,banked
23,authentication
24,manufacturers
25,identity
26,customized
27,customization
28,institutions
29,customs
30,connected
31,marketing
32,market
33,demand
34,provides
35,gain
36,regulation
37,platforms
38,create
39,customer
40,traditional
41,trade
42,partners
43,regulators
44,processes
45,key
46,insure
47,flows
48,based
49,insurer
50,bank
51,insuring
52,change
53,insured
54,users
55,share
56,financially
57,investors
58,forces
59,financials
60,payment
61,offering
62,product
63,investment
64,usage
65,risking
66,technology
67,economic
68,subject
69,customer adoption
70,retail banking
71,forum
72,challenger
73,access
74,externalization
75,capital
76,uncertainties
77,regulatory
78,paths
79,increase
80,implications
81,impact
82,future
83,merchants
84,increases
85,trading
86,systems
87,servicing
88,adoption
89,findings
90,context
91,providers
92,managing
93,core
94,technologies
95,manager
96,lending
97,pressure
98,potential
99,management
100,manage